Problems,Done?
Merge Intervals,
Maximum Subarray,
Binary Tree Maximum Path Sum,
Palindrome Partitioning II,
Valid Parentheses,
Longest Palindromic Substring,
Serialize and Deserialize Binary Tree,Y
Sort Colors,
Group Anagrams,
Climbing Stairs,
Word Ladder,
Subarray Sum Equals K,
Longest Consecutive Sequence,Y
Find Minimum in Rotated Sorted Array,
Kth Largest Element in an Array,
Insertion Sort List,
Binary Tree Level Order Traversal II,
Maximum Product Subarray,
Word Search II,
Number of Islands,
Merge k Sorted Lists,
Valid Sudoku,
Count of Smaller Numbers After Self,
Intersection of Two Linked Lists,Y
Subsets II,
Course Schedule II,
Coin Change,
Unique Binary Search Trees II,
Combination Sum II,
Best Time to Buy and Sell Stock,
Median of Two Sorted Arrays,
Regular Expression Matching,
Minimum Window Substring,
Maximum Depth of Binary Tree,
Word Break II,
Valid Number,
Longest Substring Without Repeating Characters,
Binary Tree Zigzag Level Order Traversal,
Path Sum III,
Maximum Subarray Sum,
Sort List,
Combination Sum III,
"Pow(x, n)",
Permutations II,
Longest Increasing Subsequence,
Merge Sorted Array,
Minimum Path Sum,
Decode Ways,
Unique Paths II,
Search in Rotated Sorted Array II,
Two Sum III - Data structure design,
Count Primes,
Dungeon Game,
Sort Colors II,
Largest Rectangle in Histogram,
Permutations,
Linked List Cycle II,
Simplify Path,
Trapping Rain Water,
Clone Graph,
Remove Duplicates from Sorted List II,
Valid Palindrome,
Palindrome Number,
Best Time to Buy and Sell Stock with Cooldown,
Implement strStr(),
Decode String,
Longest Palindromic Subsequence,
Meeting Rooms II,
Maximum Depth of N-ary Tree,
Perfect Squares,
Letter Combinations of a Phone Number,
Evaluate Reverse Polish Notation,
Reverse Linked List II,
Find Median from Data Stream,
Generate Parentheses,
Binary Tree Inorder Traversal,
Course Schedule,
Combination Sum,
Find Peak Element,
Remove Invalid Parentheses,
Lowest Common Ancestor of a Binary Tree,
Find Minimum in Rotated Sorted Array II,
Maximum Sum Circular Subarray,
Palindrome Partitioning,
Balanced Binary Tree,
Maximum Product of Three Numbers,
Shortest Path in Binary Matrix,
Intersection of Two Arrays II,
Word Ladder II,
Valid Palindrome III,
Find All Duplicates in an Array,
Longest Substring with At Most K Distinct Characters,
Serialize and Deserialize BST,
Convert Sorted Array to Binary Search Tree,
Remove Nth Node From End of List,
Longest Common Prefix,
Next Permutation,
